Advisor Name,Experience (Years),Profession,Certifications,Region,Rating (Out of 5)
Vivaan Verma,11,Financial Planner,CPA,Andhra Pradesh,4.9
Saanvi Desai,13,Investment Advisor,"CA, SEBI RIA",Andhra Pradesh,3.7
Aarav Malhotra,4,Investment Advisor,"CA, CFA",Andhra Pradesh,4.3
Vivaan Kulkarni,11,Financial Planner,FRM,Andhra Pradesh,4.7
Ayaan Kulkarni,23,Investment Advisor,FRM,Andhra Pradesh,4.6
Aadhya Saxena,13,Chartered Accountant,CFP,Andhra Pradesh,4.7
Reyansh Malhotra,18,Tax Consultant,"CA, CFP",Andhra Pradesh,3.9
Vivaan Chowdhury,13,Tax Consultant,CA,Andhra Pradesh,4.5
Krishna Iyer,24,Tax Consultant,"CFA, FRM",Andhra Pradesh,3.3
Ayaan Sharma,28,Tax Consultant,SEBI RIA,Andhra Pradesh,3.9
Aarav Mehta,29,Wealth Manager,"CPA, CA",Andhra Pradesh,4.0
Aditya Agarwal,25,Investment Advisor,CPA,Andhra Pradesh,3.9
Myra Kapoor,23,Tax Consultant,"CPA, SEBI RIA",Andhra Pradesh,4.9
Kiara Kapoor,13,Tax Consultant,"CPA, CFP",Andhra Pradesh,4.6
Kiara Joshi,5,Tax Consultant,"CA, CPA",Andhra Pradesh,3.9
Ayaan Kapoor,28,Investment Advisor,"CFA, CPA",Andhra Pradesh,4.3
Arjun Joshi,26,Chartered Accountant,"CPA, CA",Andhra Pradesh,5.0
Avni Malhotra,25,Wealth Manager,"SEBI RIA, CFP",Andhra Pradesh,3.5
Aarohi Reddy,20,Investment Advisor,"SEBI RIA, CFA",Andhra Pradesh,4.0
Avni Nair,2,Tax Consultant,CFA,Andhra Pradesh,4.3
Sai Bansal,6,Tax Consultant,"CFP, CPA",Andhra Pradesh,3.6
Aditya Reddy,10,Chartered Accountant,"CA, CFA",Andhra Pradesh,4.0
Avni Mehta,13,Tax Consultant,"FRM, CPA",Andhra Pradesh,3.6
Ayaan Joshi,26,Tax Consultant,FRM,Andhra Pradesh,4.7
Reyansh Verma,21,Financial Planner,SEBI RIA,Andhra Pradesh,4.1
Aarav Rao,26,Tax Consultant,CFP,Andhra Pradesh,4.5
Pari Nambiar,11,Tax Consultant,"FRM, CPA",Andhra Pradesh,4.2
Aarav Joshi,22,Investment Advisor,FRM,Andhra Pradesh,3.9
Sai Iyer,10,Wealth Manager,"CPA, FRM",Andhra Pradesh,3.5
Pari Reddy,1,Financial Planner,"CFP, CFA",Andhra Pradesh,4.5
Vihaan Verma,3,Tax Consultant,FRM,Arunachal Pradesh,3.3
Arjun Bansal,25,Investment Advisor,SEBI RIA,Arunachal Pradesh,3.6
Aadhya Iyer,30,Chartered Accountant,CA,Arunachal Pradesh,3.8
Pari Gupta,28,Investment Advisor,"CPA, CA",Arunachal Pradesh,4.7
Myra Mehta,24,Financial Planner,SEBI RIA,Arunachal Pradesh,3.1
Avni Saxena,16,Tax Consultant,"CPA, CFP",Arunachal Pradesh,4.1
Krishna Reddy,5,Financial Planner,"CFP, CPA",Arunachal Pradesh,4.4
Kiara Malhotra,2,Investment Advisor,FRM,Arunachal Pradesh,4.3
Myra Iyer,30,Investment Advisor,"FRM, SEBI RIA",Arunachal Pradesh,4.7
Arjun Patel,27,Financial Planner,CA,Arunachal Pradesh,3.5
Avni Nambiar,4,Wealth Manager,"CFA, FRM",Arunachal Pradesh,3.8
Ayaan Mehta,13,Financial Planner,"CFA, CFP",Arunachal Pradesh,3.9
Aarohi Nambiar,22,Financial Planner,"SEBI RIA, CPA",Arunachal Pradesh,3.3
Myra Tiwari,11,Wealth Manager,SEBI RIA,Arunachal Pradesh,3.7
Pari Mehta,24,Wealth Manager,CPA,Arunachal Pradesh,4.3
Sai Rao,14,Chartered Accountant,FRM,Arunachal Pradesh,4.7
Vihaan Malhotra,15,Investment Advisor,"CFP, FRM",Arunachal Pradesh,4.6
Diya Nambiar,18,Chartered Accountant,"CPA, CFP",Arunachal Pradesh,3.3
Meera Mehta,12,Chartered Accountant,FRM,Arunachal Pradesh,3.4
Arjun Gupta,20,Wealth Manager,CFP,Arunachal Pradesh,4.1
Saanvi Joshi,11,Chartered Accountant,CA,Arunachal Pradesh,3.4
Aadhya Nair,29,Chartered Accountant,"FRM, CA",Arunachal Pradesh,4.2
Aarohi Kapoor,12,Tax Consultant,"SEBI RIA, CFA",Arunachal Pradesh,3.0
Aarohi Tiwari,17,Wealth Manager,"SEBI RIA, CPA",Arunachal Pradesh,3.8
Sai Sharma,21,Tax Consultant,"SEBI RIA, CPA",Arunachal Pradesh,4.1
Reyansh Rao,23,Tax Consultant,"FRM, CFA",Arunachal Pradesh,3.8
Meera Kapoor,30,Tax Consultant,SEBI RIA,Arunachal Pradesh,3.6
Pari Joshi,28,Financial Planner,CFP,Arunachal Pradesh,3.4
Myra Saxena,7,Tax Consultant,CFA,Arunachal Pradesh,3.7
Arjun Tiwari,6,Wealth Manager,SEBI RIA,Arunachal Pradesh,3.1
Pari Iyer,17,Investment Advisor,CA,Assam,4.2
Anaya Sharma,22,Chartered Accountant,CPA,Assam,4.0
Ishaan Rao,19,Tax Consultant,CA,Assam,3.2
Meera Kulkarni,24,Wealth Manager,"SEBI RIA, CFA",Assam,3.6
Krishna Joshi,12,Tax Consultant,"CPA, CFA",Assam,3.3
Anaya Kulkarni,24,Investment Advisor,"CFA, SEBI RIA",Assam,3.1
Ishaan Agarwal,4,Financial Planner,CFA,Assam,3.6
Anaya Tiwari,30,Investment Advisor,SEBI RIA,Assam,4.5
Anaya Agarwal,21,Tax Consultant,FRM,Assam,3.6
Anaya Bansal,24,Chartered Accountant,"CPA, FRM",Assam,3.5
Krishna Sharma,2,Investment Advisor,"CFA, CA",Assam,3.8
Pari Patel,9,Chartered Accountant,"CPA, FRM",Assam,4.5
Aadhya Mehta,7,Tax Consultant,"CFP, FRM",Assam,4.2
Myra Kulkarni,3,Investment Advisor,SEBI RIA,Assam,3.1
Anaya Saxena,18,Financial Planner,FRM,Assam,4.0
Diya Gupta,18,Chartered Accountant,CFA,Assam,3.5
Avni Kulkarni,15,Financial Planner,CA,Assam,3.5
Aarav Kulkarni,28,Financial Planner,"CFA, CPA",Assam,4.4
Pari Kapoor,16,Chartered Accountant,"CFA, CPA",Assam,3.6
Ayaan Nair,13,Investment Advisor,CFP,Assam,3.6
Aarohi Sharma,2,Wealth Manager,CFA,Assam,4.4
Myra Sharma,12,Chartered Accountant,"CPA, SEBI RIA",Assam,4.5
Myra Nambiar,29,Wealth Manager,CFA,Assam,4.6
Saanvi Nair,5,Investment Advisor,"SEBI RIA, CFP",Assam,4.8
Krishna Bansal,30,Financial Planner,CPA,Assam,4.8
Avni Verma,5,Chartered Accountant,CPA,Assam,4.2
Avni Rao,1,Financial Planner,CFP,Assam,3.2
Reyansh Mehta,17,Investment Advisor,CFP,Assam,4.0
Pari Nair,12,Financial Planner,"CPA, CFA",Assam,4.9
Sai Saxena,16,Investment Advisor,CFA,Assam,3.7
Arjun Reddy,29,Financial Planner,CFA,Bihar,4.0
Vihaan Saxena,25,Chartered Accountant,SEBI RIA,Bihar,4.2
Saanvi Malhotra,30,Chartered Accountant,CFA,Bihar,3.6
Avni Kapoor,3,Investment Advisor,FRM,Bihar,3.5
Anaya Nair,24,Financial Planner,"CFA, CFP",Bihar,4.2
Aarohi Patel,3,Wealth Manager,"CA, CFA",Bihar,4.9
Vihaan Tiwari,21,Chartered Accountant,CFP,Bihar,5.0
Vihaan Kapoor,23,Wealth Manager,"FRM, CFP",Bihar,3.6
Saanvi Rao,9,Financial Planner,CFP,Bihar,3.9
Saanvi Tiwari,29,Investment Advisor,CA,Bihar,4.2
Ishaan Malhotra,14,Financial Planner,CFA,Bihar,3.2
Krishna Gupta,14,Wealth Manager,CPA,Bihar,4.6
Meera Saxena,10,Financial Planner,SEBI RIA,Bihar,3.7
Anaya Nambiar,2,Investment Advisor,"CFA, FRM",Bihar,4.9
Avni Iyer,18,Financial Planner,"FRM, CA",Bihar,3.2
Saanvi Kulkarni,2,Investment Advisor,SEBI RIA,Bihar,3.5
Pari Tiwari,19,Chartered Accountant,"CFP, CFA",Bihar,3.6
Ayaan Malhotra,12,Financial Planner,FRM,Bihar,3.6
Vivaan Joshi,15,Chartered Accountant,"SEBI RIA, CPA",Bihar,3.3
Diya Rao,6,Tax Consultant,CA,Bihar,4.9
Aadhya Patel,12,Tax Consultant,"CFA, FRM",Bihar,3.7
Kiara Nair,11,Tax Consultant,CA,Bihar,4.4
Diya Malhotra,10,Investment Advisor,"CPA, FRM",Bihar,4.0
Aditya Patel,14,Investment Advisor,CPA,Bihar,4.2
Meera Iyer,22,Chartered Accountant,"CFA, CFP",Bihar,4.4
Myra Desai,30,Financial Planner,CFA,Bihar,3.6
Sai Mehta,12,Chartered Accountant,"CFP, SEBI RIA",Bihar,3.1
Aadhya Tiwari,16,Financial Planner,"CPA, CFA",Bihar,3.7
Meera Rao,2,Financial Planner,"CFP, FRM",Bihar,3.4
Aarohi Iyer,3,Wealth Manager,"CA, FRM",Bihar,4.9
Ayaan Desai,14,Tax Consultant,"CFP, CA",Chhattisgarh,4.5
Reyansh Agarwal,5,Chartered Accountant,CA,Chhattisgarh,3.1
Arjun Desai,16,Financial Planner,"CFA, CFP",Chhattisgarh,4.8
Arjun Kapoor,16,Investment Advisor,FRM,Chhattisgarh,3.7
Ayaan Iyer,2,Financial Planner,"CFA, FRM",Chhattisgarh,3.5
Vihaan Patel,29,Wealth Manager,"CFA, CFP",Chhattisgarh,4.3
Aditya Gupta,29,Chartered Accountant,"CA, CPA",Chhattisgarh,3.1
Krishna Chowdhury,30,Investment Advisor,"CFA, CA",Chhattisgarh,3.8
Pari Agarwal,9,Tax Consultant,"FRM, CFA",Chhattisgarh,4.8
Avni Patel,27,Tax Consultant,"CPA, CFP",Chhattisgarh,3.4
Ayaan Tiwari,30,Wealth Manager,SEBI RIA,Chhattisgarh,4.4
Saanvi Kapoor,4,Financial Planner,CPA,Chhattisgarh,4.3
Aarohi Desai,7,Financial Planner,"SEBI RIA, FRM",Chhattisgarh,3.7
Sai Patel,23,Investment Advisor,CA,Chhattisgarh,3.8
Myra Malhotra,22,Investment Advisor,"CFP, FRM",Chhattisgarh,3.4
Meera Patel,30,Investment Advisor,"CFA, CFP",Chhattisgarh,4.4
Aadhya Joshi,3,Tax Consultant,CPA,Chhattisgarh,3.4
Reyansh Sharma,10,Investment Advisor,CPA,Chhattisgarh,3.5
Diya Chowdhury,13,Wealth Manager,"CPA, SEBI RIA",Chhattisgarh,4.9
Diya Patel,20,Investment Advisor,"CFA, CA",Chhattisgarh,4.8
Meera Verma,4,Investment Advisor,"CA, CPA",Chhattisgarh,4.1
Diya Iyer,13,Investment Advisor,"SEBI RIA, FRM",Chhattisgarh,4.7
Saanvi Iyer,7,Chartered Accountant,CA,Chhattisgarh,3.3
Aarohi Nair,6,Tax Consultant,SEBI RIA,Chhattisgarh,3.2
Aarav Reddy,29,Chartered Accountant,"SEBI RIA, CPA",Chhattisgarh,4.9
Avni Joshi,21,Wealth Manager,CFP,Chhattisgarh,3.7
Avni Chowdhury,13,Financial Planner,FRM,Chhattisgarh,3.4
Diya Verma,24,Wealth Manager,CFP,Chhattisgarh,3.1
Ayaan Reddy,26,Financial Planner,"CFP, SEBI RIA",Chhattisgarh,4.1
Aadhya Malhotra,22,Wealth Manager,"CFA, CFP",Chhattisgarh,3.1
Saanvi Nambiar,12,Chartered Accountant,SEBI RIA,Goa,3.1
Sai Joshi,8,Tax Consultant,"CFA, CPA",Goa,4.9
Vihaan Nair,11,Chartered Accountant,FRM,Goa,4.6
Aadhya Verma,14,Wealth Manager,"CPA, CFA",Goa,4.6
Anaya Gupta,23,Investment Advisor,CPA,Goa,3.6
Aadhya Kulkarni,24,Tax Consultant,CFP,Goa,4.1
Saanvi Verma,26,Investment Advisor,"SEBI RIA, CFA",Goa,4.6
Vihaan Bansal,10,Tax Consultant,FRM,Goa,4.9
Saanvi Mehta,21,Chartered Accountant,FRM,Goa,4.2
Arjun Chowdhury,26,Tax Consultant,SEBI RIA,Goa,3.5
Vivaan Desai,9,Chartered Accountant,CPA,Goa,4.2
Krishna Agarwal,4,Investment Advisor,"FRM, SEBI RIA",Goa,4.6
Krishna Patel,20,Tax Consultant,"FRM, CA",Goa,3.1
Ayaan Patel,18,Wealth Manager,"FRM, SEBI RIA",Goa,4.2
Krishna Kulkarni,7,Chartered Accountant,CFA,Goa,3.3
Avni Reddy,30,Investment Advisor,"CPA, CFP",Goa,3.1
Aarohi Joshi,5,Investment Advisor,"CFP, CPA",Goa,3.3
Sai Kapoor,29,Wealth Manager,CPA,Goa,3.9
Reyansh Nambiar,13,Tax Consultant,"CFP, FRM",Goa,4.5
Diya Bansal,23,Financial Planner,"CFP, CA",Goa,4.8
Ayaan Nambiar,23,Investment Advisor,"CA, CPA",Goa,3.7
Reyansh Desai,3,Investment Advisor,CA,Goa,4.5
Arjun Rao,21,Chartered Accountant,"CPA, CFP",Goa,5.0
Aditya Saxena,9,Financial Planner,"CFP, CPA",Goa,4.8
Kiara Kulkarni,5,Tax Consultant,"CFA, CFP",Goa,5.0
Anaya Mehta,14,Tax Consultant,CFP,Goa,4.6
Kiara Reddy,17,Chartered Accountant,"CA, CFA",Goa,3.6
Myra Reddy,4,Chartered Accountant,"CFA, CFP",Goa,3.4
Arjun Agarwal,26,Chartered Accountant,CA,Goa,3.3
Anaya Desai,15,Financial Planner,SEBI RIA,Goa,4.4
Reyansh Gupta,26,Financial Planner,FRM,Gujarat,4.4
Ishaan Chowdhury,29,Tax Consultant,"SEBI RIA, CFP",Gujarat,3.6
Aditya Mehta,2,Investment Advisor,CA,Gujarat,3.6
Diya Nair,30,Tax Consultant,FRM,Gujarat,5.0
Kiara Desai,18,Investment Advisor,CFA,Gujarat,3.4
Vivaan Agarwal,2,Tax Consultant,"CPA, CFP",Gujarat,4.6
Sai Nair,26,Investment Advisor,FRM,Gujarat,3.1
Vivaan Sharma,6,Financial Planner,"CA, CFA",Gujarat,4.2
Vivaan Tiwari,2,Wealth Manager,"SEBI RIA, FRM",Gujarat,4.3
Krishna Mehta,29,Financial Planner,CPA,Gujarat,4.3
Vivaan Patel,20,Wealth Manager,CPA,Gujarat,3.8
Vivaan Reddy,11,Chartered Accountant,CPA,Gujarat,4.9
Saanvi Sharma,24,Tax Consultant,CFP,Gujarat,3.3
Arjun Sharma,8,Financial Planner,"CFA, CFP",Gujarat,3.8
Sai Tiwari,26,Tax Consultant,CPA,Gujarat,3.2
Meera Reddy,9,Investment Advisor,"CFA, FRM",Gujarat,3.3
Diya Mehta,1,Wealth Manager,"CFA, SEBI RIA",Gujarat,4.7
Anaya Reddy,15,Wealth Manager,CFP,Gujarat,3.2
Ishaan Nair,13,Wealth Manager,"CFA, SEBI RIA",Gujarat,3.7
Meera Desai,5,Investment Advisor,SEBI RIA,Gujarat,4.0
Myra Rao,2,Investment Advisor,"FRM, CFA",Gujarat,3.4
Vivaan Gupta,19,Investment Advisor,"CFP, CPA",Gujarat,3.0
Sai Verma,7,Chartered Accountant,SEBI RIA,Gujarat,4.4
Aadhya Reddy,10,Chartered Accountant,"CFA, FRM",Gujarat,4.9
Vihaan Reddy,26,Tax Consultant,FRM,Gujarat,3.2
Diya Reddy,18,Financial Planner,CA,Gujarat,3.9
Ayaan Rao,16,Investment Advisor,CA,Gujarat,3.3
Pari Saxena,5,Financial Planner,CA,Gujarat,3.8
Saanvi Gupta,15,Chartered Accountant,CFA,Gujarat,3.3
Vihaan Mehta,5,Investment Advisor,CPA,Gujarat,3.7
Kiara Mehta,22,Financial Planner,CPA,Haryana,4.9
Kiara Sharma,22,Chartered Accountant,"CFA, CA",Haryana,3.4
Myra Joshi,29,Financial Planner,CA,Haryana,4.5
Kiara Iyer,18,Tax Consultant,"CFP, FRM",Haryana,4.9
Diya Desai,5,Investment Advisor,SEBI RIA,Haryana,4.4
Sai Kulkarni,18,Wealth Manager,CFP,Haryana,4.7
Sai Desai,2,Financial Planner,"CFP, CPA",Haryana,3.6
Vihaan Agarwal,27,Wealth Manager,"FRM, CFA",Haryana,4.7
Aditya Chowdhury,20,Wealth Manager,"CFP, FRM",Haryana,3.8
Myra Verma,12,Investment Advisor,"CFP, SEBI RIA",Haryana,3.7
Aadhya Rao,12,Financial Planner,FRM,Haryana,3.9
Saanvi Patel,14,Investment Advisor,"CFA, CFP",Haryana,4.2
Aditya Bansal,8,Wealth Manager,CPA,Haryana,3.6
Pari Desai,20,Financial Planner,FRM,Haryana,3.1
Krishna Rao,16,Investment Advisor,"CFP, FRM",Haryana,3.1
Kiara Rao,21,Financial Planner,"CFA, CFP",Haryana,4.9
Aditya Desai,3,Chartered Accountant,CFP,Haryana,3.3
Ayaan Saxena,14,Tax Consultant,FRM,Haryana,4.5
Aarav Patel,26,Investment Advisor,"CA, SEBI RIA",Haryana,4.1
Avni Desai,25,Investment Advisor,"CPA, FRM",Haryana,3.2
Krishna Verma,9,Chartered Accountant,CFA,Haryana,3.5
Aarohi Verma,4,Chartered Accountant,"SEBI RIA, CPA",Haryana,3.3
Aadhya Kapoor,21,Investment Advisor,CFP,Haryana,4.6
Reyansh Iyer,27,Investment Advisor,"CFA, CFP",Haryana,4.3
Vihaan Gupta,5,Tax Consultant,CFA,Haryana,3.6
Vihaan Sharma,25,Wealth Manager,"CA, CPA",Haryana,3.9
Aarav Bansal,19,Wealth Manager,"SEBI RIA, CFP",Haryana,4.7
Meera Chowdhury,24,Wealth Manager,"CPA, FRM",Haryana,3.6
Meera Bansal,2,Tax Consultant,SEBI RIA,Haryana,4.3
Meera Tiwari,11,Chartered Accountant,"CPA, SEBI RIA",Haryana,3.7
Arjun Nambiar,29,Tax Consultant,CFP,Himachal Pradesh,4.2
Vivaan Mehta,21,Financial Planner,FRM,Himachal Pradesh,4.5
Saanvi Chowdhury,18,Chartered Accountant,"SEBI RIA, FRM",Himachal Pradesh,4.9
Ishaan Verma,19,Chartered Accountant,"CFP, CFA",Himachal Pradesh,3.4
Arjun Kulkarni,14,Financial Planner,"CFA, FRM",Himachal Pradesh,4.8
Pari Sharma,26,Financial Planner,"SEBI RIA, CPA",Himachal Pradesh,4.1
Saanvi Reddy,18,Investment Advisor,CPA,Himachal Pradesh,4.3
Aditya Joshi,13,Investment Advisor,"CA, CFA",Himachal Pradesh,3.4
Vivaan Nair,14,Wealth Manager,FRM,Himachal Pradesh,3.7
Diya Tiwari,13,Financial Planner,"FRM, CFP",Himachal Pradesh,4.3
Saanvi Saxena,2,Wealth Manager,"CA, CFP",Himachal Pradesh,3.2
Ishaan Joshi,21,Financial Planner,"FRM, CPA",Himachal Pradesh,3.3
Aditya Sharma,27,Chartered Accountant,"SEBI RIA, CFP",Himachal Pradesh,4.2
Kiara Nambiar,19,Wealth Manager,"CPA, SEBI RIA",Himachal Pradesh,3.1
Aditya Nair,19,Wealth Manager,"CA, CFA",Himachal Pradesh,4.3
Anaya Malhotra,15,Wealth Manager,"CFP, SEBI RIA",Himachal Pradesh,3.4
Aditya Nambiar,24,Wealth Manager,CFP,Himachal Pradesh,3.9
Ishaan Saxena,7,Tax Consultant,"CFA, CFP",Himachal Pradesh,3.3
Avni Tiwari,4,Wealth Manager,"CFP, SEBI RIA",Himachal Pradesh,3.1
Meera Nambiar,4,Financial Planner,CPA,Himachal Pradesh,3.2
Meera Agarwal,2,Investment Advisor,CPA,Himachal Pradesh,4.3
Arjun Malhotra,19,Investment Advisor,"SEBI RIA, CPA",Himachal Pradesh,3.4
Pari Verma,5,Financial Planner,"SEBI RIA, CPA",Himachal Pradesh,4.3
Aditya Rao,28,Chartered Accountant,"SEBI RIA, FRM",Himachal Pradesh,4.9
Diya Agarwal,29,Wealth Manager,FRM,Himachal Pradesh,4.7
Aarohi Agarwal,18,Investment Advisor,CPA,Himachal Pradesh,3.0
Vivaan Saxena,29,Investment Advisor,"CA, FRM",Himachal Pradesh,4.8
Myra Patel,19,Wealth Manager,CA,Himachal Pradesh,3.9
Arjun Iyer,5,Wealth Manager,SEBI RIA,Himachal Pradesh,4.4
Vivaan Kapoor,2,Chartered Accountant,"CPA, SEBI RIA",Himachal Pradesh,4.3
Krishna Saxena,2,Financial Planner,"CFP, CPA",Jharkhand,4.0
Aarav Saxena,4,Tax Consultant,"CFP, CFA",Jharkhand,3.8
Vivaan Bansal,9,Chartered Accountant,"FRM, SEBI RIA",Jharkhand,3.6
Aarav Verma,23,Wealth Manager,"CPA, CA",Jharkhand,3.5
Kiara Bansal,1,Tax Consultant,FRM,Jharkhand,3.5
Sai Chowdhury,18,Financial Planner,CPA,Jharkhand,4.0
Kiara Chowdhury,11,Tax Consultant,CPA,Jharkhand,4.5
Aarav Gupta,24,Investment Advisor,"CFA, SEBI RIA",Jharkhand,4.0
Reyansh Bansal,5,Tax Consultant,CPA,Jharkhand,4.1
Kiara Tiwari,14,Investment Advisor,"CFA, CFP",Jharkhand,3.3
Sai Reddy,25,Wealth Manager,"CFA, SEBI RIA",Jharkhand,3.8
Krishna Nambiar,3,Tax Consultant,"CA, CFP",Jharkhand,4.6
Aditya Kulkarni,29,Tax Consultant,CPA,Jharkhand,3.9
Avni Agarwal,25,Investment Advisor,"SEBI RIA, CFP",Jharkhand,4.8
Kiara Gupta,13,Tax Consultant,SEBI RIA,Jharkhand,4.8
Vihaan Iyer,25,Chartered Accountant,CFP,Jharkhand,4.8
Aarohi Mehta,12,Financial Planner,"FRM, CFA",Jharkhand,4.2
Aarohi Chowdhury,28,Financial Planner,"CFP, FRM",Jharkhand,4.7
Kiara Saxena,2,Wealth Manager,CFA,Jharkhand,4.6
Pari Chowdhury,17,Tax Consultant,"CPA, CFP",Jharkhand,3.8
Aarav Tiwari,25,Investment Advisor,"FRM, CA",Jharkhand,4.6
Aditya Iyer,20,Chartered Accountant,SEBI RIA,Jharkhand,4.4
Diya Kulkarni,19,Tax Consultant,"CA, CFP",Jharkhand,3.7
Aarohi Gupta,19,Chartered Accountant,CPA,Jharkhand,3.6
Krishna Tiwari,24,Investment Advisor,"CFA, CFP",Jharkhand,3.4
Ishaan Patel,25,Wealth Manager,CA,Jharkhand,3.9
Arjun Mehta,28,Wealth Manager,"CA, SEBI RIA",Jharkhand,4.6
Sai Nambiar,25,Financial Planner,"CFP, CFA",Jharkhand,4.4
Reyansh Joshi,29,Chartered Accountant,"SEBI RIA, CFA",Jharkhand,3.1
Ishaan Iyer,5,Chartered Accountant,"CFP, SEBI RIA",Jharkhand,4.3
Aditya Malhotra,11,Financial Planner,"CFA, SEBI RIA",Karnataka,4.7
Meera Sharma,19,Tax Consultant,"SEBI RIA, CFA",Karnataka,4.8
Sai Agarwal,7,Wealth Manager,"CPA, SEBI RIA",Karnataka,3.0
Aditya Kapoor,18,Investment Advisor,FRM,Karnataka,3.6
Myra Chowdhury,29,Tax Consultant,"SEBI RIA, CFA",Karnataka,3.4
Meera Nair,14,Wealth Manager,CFP,Karnataka,4.5
Anaya Joshi,24,Chartered Accountant,CFA,Karnataka,3.9
Ishaan Reddy,3,Financial Planner,FRM,Karnataka,3.9
Arjun Nair,19,Tax Consultant,"SEBI RIA, CFP",Karnataka,3.3
Myra Agarwal,11,Chartered Accountant,CPA,Karnataka,4.6
Vivaan Nambiar,21,Financial Planner,SEBI RIA,Karnataka,3.2
Aadhya Desai,15,Wealth Manager,"CA, SEBI RIA",Karnataka,3.4
Vivaan Rao,17,Chartered Accountant,"SEBI RIA, CFP",Karnataka,3.7
Vivaan Malhotra,16,Chartered Accountant,"SEBI RIA, CA",Karnataka,3.5
Aadhya Gupta,9,Chartered Accountant,SEBI RIA,Karnataka,3.9
Vihaan Desai,19,Investment Advisor,"CFA, CFP",Karnataka,3.5
Vihaan Joshi,29,Financial Planner,"CA, CFA",Karnataka,4.4
Aarav Agarwal,3,Chartered Accountant,"CA, CFA",Karnataka,4.9
Aarav Nair,27,Financial Planner,SEBI RIA,Karnataka,3.8
Vihaan Kulkarni,22,Investment Advisor,"CA, FRM",Karnataka,3.7
Aarav Chowdhury,10,Tax Consultant,"CPA, SEBI RIA",Karnataka,3.1
Aadhya Agarwal,21,Wealth Manager,CFA,Karnataka,3.9
Ishaan Desai,25,Investment Advisor,"CFA, FRM",Karnataka,3.4
Arjun Verma,16,Investment Advisor,"FRM, CFA",Karnataka,3.8
Aadhya Chowdhury,28,Chartered Accountant,"FRM, CA",Karnataka,4.5
Reyansh Saxena,5,Investment Advisor,"SEBI RIA, CPA",Karnataka,3.5
Ishaan Bansal,16,Chartered Accountant,CA,Karnataka,4.5
Avni Sharma,16,Chartered Accountant,CPA,Karnataka,3.6
Saanvi Agarwal,28,Tax Consultant,CA,Karnataka,4.9
Ayaan Gupta,27,Financial Planner,"SEBI RIA, CFP",Karnataka,3.1
Reyansh Kapoor,4,Tax Consultant,SEBI RIA,Kerala,3.9
Ayaan Bansal,29,Chartered Accountant,FRM,Kerala,3.3
Ishaan Sharma,18,Investment Advisor,"CPA, CA",Kerala,3.4
Ishaan Gupta,13,Chartered Accountant,CFP,Kerala,3.7
Anaya Verma,15,Investment Advisor,"CPA, CFP",Kerala,4.7
Diya Kapoor,24,Wealth Manager,CA,Kerala,4.2
Kiara Agarwal,18,Financial Planner,"CFP, CPA",Kerala,4.5
Anaya Chowdhury,7,Tax Consultant,CPA,Kerala,4.9
Ishaan Tiwari,29,Tax Consultant,"CPA, CFA",Kerala,3.1
Aarohi Bansal,13,Investment Advisor,"CFA, CA",Kerala,4.6
Vihaan Chowdhury,13,Tax Consultant,CPA,Kerala,4.8
Aadhya Nambiar,13,Chartered Accountant,CA,Kerala,4.1
Ayaan Agarwal,9,Chartered Accountant,FRM,Kerala,4.5
Krishna Kapoor,24,Tax Consultant,"FRM, CFA",Kerala,3.8
Ishaan Kapoor,9,Investment Advisor,CA,Kerala,3.2
Aditya Tiwari,6,Chartered Accountant,CA,Kerala,4.4
Sai Gupta,11,Wealth Manager,"CFP, CFA",Kerala,3.1
Kiara Patel,7,Wealth Manager,"CA, CFP",Kerala,3.6
Vihaan Nambiar,17,Investment Advisor,"CFA, FRM",Kerala,4.8
Ayaan Verma,20,Tax Consultant,CA,Kerala,3.5
Reyansh Kulkarni,1,Financial Planner,CA,Kerala,4.4
Reyansh Reddy,29,Wealth Manager,"FRM, CFP",Kerala,3.4
Kiara Verma,26,Investment Advisor,"FRM, CA",Kerala,4.5
Aarohi Malhotra,8,Investment Advisor,"CFA, SEBI RIA",Kerala,3.4
Diya Joshi,12,Financial Planner,SEBI RIA,Kerala,3.4
Pari Kulkarni,21,Investment Advisor,FRM,Kerala,4.1
Reyansh Nair,8,Financial Planner,CFP,Kerala,3.8
Aarav Nambiar,15,Financial Planner,"CPA, CFP",Kerala,4.4
Myra Gupta,13,Financial Planner,CA,Kerala,3.6
Diya Saxena,28,Wealth Manager,CA,Kerala,4.9
Ayaan Chowdhury,22,Tax Consultant,CPA,Madhya Pradesh,3.0
Anaya Patel,1,Investment Advisor,"CFP, SEBI RIA",Madhya Pradesh,3.2
Avni Bansal,26,Wealth Manager,SEBI RIA,Madhya Pradesh,4.7
Anaya Kapoor,18,Financial Planner,"CFA, CA",Madhya Pradesh,4.6
Saanvi Bansal,3,Financial Planner,"SEBI RIA, CFP",Madhya Pradesh,4.0
Aarav Sharma,21,Wealth Manager,"CFP, SEBI RIA",Madhya Pradesh,4.4
Ishaan Nambiar,11,Wealth Manager,FRM,Madhya Pradesh,3.5
Reyansh Patel,19,Financial Planner,CA,Madhya Pradesh,3.9
Aadhya Sharma,16,Investment Advisor,CA,Madhya Pradesh,3.6
Krishna Desai,17,Investment Advisor,"SEBI RIA, CPA",Madhya Pradesh,4.8
Reyansh Tiwari,6,Chartered Accountant,FRM,Madhya Pradesh,4.7
Aadhya Bansal,5,Financial Planner,"CA, CPA",Madhya Pradesh,4.8
Meera Joshi,12,Wealth Manager,"CPA, CFA",Madhya Pradesh,4.8
Vivaan Iyer,16,Tax Consultant,CFP,Madhya Pradesh,3.4
Aarav Desai,16,Chartered Accountant,FRM,Madhya Pradesh,4.8
Sai Malhotra,28,Tax Consultant,"CA, FRM",Madhya Pradesh,4.7
Arjun Saxena,17,Tax Consultant,CFA,Madhya Pradesh,4.5
Myra Bansal,7,Financial Planner,CFP,Madhya Pradesh,4.2
Pari Bansal,30,Investment Advisor,CA,Madhya Pradesh,3.2
Anaya Iyer,25,Financial Planner,CFA,Madhya Pradesh,3.3
Aarohi Rao,22,Wealth Manager,CA,Madhya Pradesh,3.9
Vihaan Rao,12,Investment Advisor,"CFP, FRM",Madhya Pradesh,4.7
Aarohi Kulkarni,14,Tax Consultant,CA,Madhya Pradesh,4.2
Ishaan Mehta,8,Wealth Manager,CA,Madhya Pradesh,4.7
Pari Rao,5,Financial Planner,"FRM, CPA",Madhya Pradesh,3.7
Myra Nair,8,Investment Advisor,SEBI RIA,Madhya Pradesh,3.7
Meera Malhotra,20,Tax Consultant,CPA,Madhya Pradesh,3.9
Meera Gupta,13,Financial Planner,"SEBI RIA, CFP",Madhya Pradesh,4.8
Pari Malhotra,4,Financial Planner,CA,Madhya Pradesh,3.2
Aarohi Saxena,19,Financial Planner,"CFP, FRM",Madhya Pradesh,3.8
Aarav Kapoor,17,Wealth Manager,"CPA, SEBI RIA",Maharashtra,3.3
Aditya Verma,24,Investment Advisor,FRM,Maharashtra,3.6
Krishna Nair,26,Chartered Accountant,CFA,Maharashtra,3.2
Krishna Malhotra,2,Wealth Manager,"CPA, CA",Maharashtra,4.6
Avni Gupta,24,Chartered Accountant,"FRM, CFP",Maharashtra,3.8
Anaya Rao,5,Tax Consultant,"SEBI RIA, CFA",Maharashtra,4.3
Diya Sharma,8,Investment Advisor,"CPA, CA",Maharashtra,4.3
Ishaan Kulkarni,23,Financial Planner,"CA, SEBI RIA",Maharashtra,4.0
Reyansh Chowdhury,4,Chartered Accountant,FRM,Maharashtra,4.4
Aarav Iyer,3,Investment Advisor,"SEBI RIA, CPA",Maharashtra,4.9
Vivaan Verma,23,Tax Consultant,"CFA, SEBI RIA",Maharashtra,3.7
Saanvi Desai,1,Chartered Accountant,"CFP, CFA",Maharashtra,4.9
Aarav Malhotra,28,Wealth Manager,CFA,Maharashtra,4.9
Vivaan Kulkarni,6,Financial Planner,"SEBI RIA, CPA",Maharashtra,3.6
Ayaan Kulkarni,28,Tax Consultant,"CA, CPA",Maharashtra,4.8
Aadhya Saxena,23,Financial Planner,FRM,Maharashtra,3.2
Reyansh Malhotra,16,Financial Planner,CA,Maharashtra,3.0
Vivaan Chowdhury,19,Investment Advisor,FRM,Maharashtra,3.1
Krishna Iyer,1,Financial Planner,"FRM, SEBI RIA",Maharashtra,3.3
Ayaan Sharma,1,Chartered Accountant,"CA, SEBI RIA",Maharashtra,4.0
Aarav Mehta,20,Investment Advisor,CFP,Maharashtra,3.5
Aditya Agarwal,3,Chartered Accountant,"FRM, CFA",Maharashtra,3.4
Myra Kapoor,8,Wealth Manager,"FRM, CPA",Maharashtra,4.7
Kiara Kapoor,23,Wealth Manager,"CFP, CPA",Maharashtra,4.1
Kiara Joshi,4,Financial Planner,"CA, FRM",Maharashtra,3.2
Ayaan Kapoor,10,Investment Advisor,CA,Maharashtra,3.2
Arjun Joshi,25,Tax Consultant,CA,Maharashtra,3.1
Avni Malhotra,13,Chartered Accountant,SEBI RIA,Maharashtra,4.1
Aarohi Reddy,6,Tax Consultant,CA,Maharashtra,4.3
Avni Nair,19,Investment Advisor,CFA,Maharashtra,3.3
Sai Bansal,27,Tax Consultant,CA,Manipur,4.3
Aditya Reddy,14,Chartered Accountant,"CFP, CA",Manipur,3.3
Avni Mehta,22,Tax Consultant,CFP,Manipur,4.9
Ayaan Joshi,3,Investment Advisor,"CPA, FRM",Manipur,3.5
Reyansh Verma,7,Tax Consultant,"CFP, CPA",Manipur,4.2
Aarav Rao,4,Investment Advisor,"CFA, FRM",Manipur,3.8
Pari Nambiar,10,Financial Planner,"CA, FRM",Manipur,4.5
Aarav Joshi,25,Tax Consultant,"FRM, CFP",Manipur,4.7
Sai Iyer,25,Investment Advisor,"CFP, CA",Manipur,3.5
Pari Reddy,11,Chartered Accountant,"CFA, CA",Manipur,3.2
Vihaan Verma,4,Investment Advisor,"CFP, CFA",Manipur,3.8
Arjun Bansal,26,Wealth Manager,SEBI RIA,Manipur,3.1
Aadhya Iyer,6,Wealth Manager,CFA,Manipur,4.7
Pari Gupta,15,Chartered Accountant,"SEBI RIA, CPA",Manipur,4.1
Myra Mehta,9,Investment Advisor,"SEBI RIA, CFP",Manipur,3.4
Avni Saxena,24,Tax Consultant,"CFP, CFA",Manipur,3.7
Krishna Reddy,5,Wealth Manager,"CFP, CA",Manipur,3.7
Kiara Malhotra,1,Investment Advisor,CFP,Manipur,3.5
Myra Iyer,8,Chartered Accountant,"SEBI RIA, CFP",Manipur,3.8
Arjun Patel,7,Chartered Accountant,"SEBI RIA, CFP",Manipur,3.8
Avni Nambiar,30,Wealth Manager,SEBI RIA,Manipur,3.2
Ayaan Mehta,30,Investment Advisor,CFP,Manipur,4.7
Aarohi Nambiar,13,Chartered Accountant,FRM,Manipur,3.5
Myra Tiwari,8,Investment Advisor,CA,Manipur,3.4
Pari Mehta,1,Investment Advisor,CFA,Manipur,3.5
Sai Rao,6,Investment Advisor,"CA, CFA",Manipur,3.7
Vihaan Malhotra,21,Tax Consultant,CFA,Manipur,3.5
Diya Nambiar,16,Wealth Manager,CFA,Manipur,4.4
Meera Mehta,11,Financial Planner,"FRM, CA",Manipur,3.6
Arjun Gupta,15,Tax Consultant,"SEBI RIA, FRM",Manipur,4.7
Saanvi Joshi,4,Chartered Accountant,"FRM, SEBI RIA",Meghalaya,3.7
Aadhya Nair,24,Financial Planner,"CA, CFP",Meghalaya,3.3
Aarohi Kapoor,8,Financial Planner,"CFA, SEBI RIA",Meghalaya,4.6
Aarohi Tiwari,7,Wealth Manager,"CA, CFP",Meghalaya,3.9
Sai Sharma,11,Investment Advisor,CFA,Meghalaya,4.4
Reyansh Rao,2,Tax Consultant,CFP,Meghalaya,3.9
Meera Kapoor,17,Investment Advisor,"CFP, FRM",Meghalaya,3.9
Pari Joshi,24,Financial Planner,SEBI RIA,Meghalaya,4.0
Myra Saxena,17,Chartered Accountant,"SEBI RIA, CA",Meghalaya,4.8
Arjun Tiwari,12,Investment Advisor,"SEBI RIA, CA",Meghalaya,4.8
Pari Iyer,13,Wealth Manager,"CA, CFA",Meghalaya,3.5
Anaya Sharma,17,Investment Advisor,CPA,Meghalaya,4.2
Ishaan Rao,30,Tax Consultant,FRM,Meghalaya,4.9
Meera Kulkarni,28,Chartered Accountant,"CFA, SEBI RIA",Meghalaya,4.4
Krishna Joshi,21,Financial Planner,CPA,Meghalaya,3.6
Anaya Kulkarni,26,Financial Planner,"SEBI RIA, CFA",Meghalaya,4.3
Ishaan Agarwal,20,Wealth Manager,FRM,Meghalaya,3.3
Anaya Tiwari,26,Chartered Accountant,SEBI RIA,Meghalaya,4.0
Anaya Agarwal,6,Chartered Accountant,"CFP, FRM",Meghalaya,3.7
Anaya Bansal,29,Tax Consultant,CPA,Meghalaya,3.6
Krishna Sharma,7,Wealth Manager,"CPA, FRM",Meghalaya,3.1
Pari Patel,11,Investment Advisor,"CPA, CFA",Meghalaya,4.5
Aadhya Mehta,10,Financial Planner,"CPA, CFP",Meghalaya,3.1
Myra Kulkarni,30,Investment Advisor,CPA,Meghalaya,4.0
Anaya Saxena,10,Financial Planner,FRM,Meghalaya,4.3
Diya Gupta,3,Financial Planner,"CPA, CFA",Meghalaya,4.5
Avni Kulkarni,27,Chartered Accountant,CFA,Meghalaya,4.7
Aarav Kulkarni,10,Investment Advisor,"SEBI RIA, CFP",Meghalaya,4.2
Pari Kapoor,13,Investment Advisor,"SEBI RIA, CA",Meghalaya,4.0
Ayaan Nair,21,Investment Advisor,"CA, CFP",Meghalaya,3.0
Aarohi Sharma,12,Tax Consultant,"CFP, FRM",Mizoram,3.9
Myra Sharma,28,Financial Planner,CPA,Mizoram,4.6
Myra Nambiar,28,Financial Planner,"CA, CPA",Mizoram,3.5
Saanvi Nair,19,Tax Consultant,SEBI RIA,Mizoram,3.8
Krishna Bansal,2,Wealth Manager,CA,Mizoram,4.9
Avni Verma,23,Tax Consultant,CFP,Mizoram,3.6
Avni Rao,15,Chartered Accountant,SEBI RIA,Mizoram,4.4
Reyansh Mehta,22,Chartered Accountant,"CPA, SEBI RIA",Mizoram,4.5
Pari Nair,18,Chartered Accountant,CA,Mizoram,3.9
Sai Saxena,21,Chartered Accountant,"CFA, FRM",Mizoram,3.2
Arjun Reddy,17,Wealth Manager,"CPA, SEBI RIA",Mizoram,4.3
Vihaan Saxena,11,Wealth Manager,SEBI RIA,Mizoram,3.1
Saanvi Malhotra,17,Financial Planner,CPA,Mizoram,4.6
Avni Kapoor,25,Wealth Manager,"FRM, CFP",Mizoram,4.5
Anaya Nair,19,Chartered Accountant,"CPA, FRM",Mizoram,4.5
Aarohi Patel,7,Wealth Manager,"CA, FRM",Mizoram,4.2
Vihaan Tiwari,11,Investment Advisor,"CFP, FRM",Mizoram,3.2
Vihaan Kapoor,6,Chartered Accountant,CFA,Mizoram,3.3
Saanvi Rao,21,Wealth Manager,"CFA, CFP",Mizoram,4.3
Saanvi Tiwari,7,Financial Planner,"SEBI RIA, FRM",Mizoram,3.4
Ishaan Malhotra,21,Wealth Manager,"CFP, CA",Mizoram,3.9
Krishna Gupta,4,Investment Advisor,"CPA, CFA",Mizoram,4.8
Meera Saxena,18,Wealth Manager,CA,Mizoram,4.0
Anaya Nambiar,29,Tax Consultant,CFA,Mizoram,3.9
Avni Iyer,8,Financial Planner,"SEBI RIA, CFA",Mizoram,3.4
Saanvi Kulkarni,2,Chartered Accountant,CFA,Mizoram,3.5
Pari Tiwari,1,Wealth Manager,SEBI RIA,Mizoram,3.0
Ayaan Malhotra,18,Chartered Accountant,"CFA, SEBI RIA",Mizoram,3.8
Vivaan Joshi,14,Tax Consultant,"SEBI RIA, FRM",Mizoram,4.9
Diya Rao,19,Investment Advisor,"CPA, CFA",Mizoram,4.0
Aadhya Patel,29,Chartered Accountant,FRM,Nagaland,4.1
Kiara Nair,23,Financial Planner,"CFA, CFP",Nagaland,4.5
Diya Malhotra,5,Investment Advisor,CFA,Nagaland,3.5
Aditya Patel,25,Tax Consultant,FRM,Nagaland,4.2
Meera Iyer,27,Tax Consultant,"CPA, CA",Nagaland,4.1
Myra Desai,7,Investment Advisor,"CA, FRM",Nagaland,4.0
Sai Mehta,14,Tax Consultant,"FRM, CA",Nagaland,3.6
Aadhya Tiwari,3,Tax Consultant,CFP,Nagaland,3.6
Meera Rao,17,Chartered Accountant,CPA,Nagaland,4.8
Aarohi Iyer,9,Financial Planner,"SEBI RIA, FRM",Nagaland,3.8
Ayaan Desai,28,Wealth Manager,"CFA, CFP",Nagaland,3.9
Reyansh Agarwal,29,Tax Consultant,"FRM, CA",Nagaland,3.1
Arjun Desai,29,Wealth Manager,"SEBI RIA, CFA",Nagaland,4.8
Arjun Kapoor,8,Wealth Manager,CFP,Nagaland,5.0
Ayaan Iyer,10,Financial Planner,CA,Nagaland,4.9
Vihaan Patel,23,Tax Consultant,"CFP, CFA",Nagaland,5.0
Aditya Gupta,23,Financial Planner,CFA,Nagaland,3.6
Krishna Chowdhury,27,Tax Consultant,CPA,Nagaland,3.6
Pari Agarwal,7,Investment Advisor,"FRM, CFA",Nagaland,3.6
Avni Patel,23,Tax Consultant,"FRM, SEBI RIA",Nagaland,4.8
Ayaan Tiwari,15,Financial Planner,CA,Nagaland,4.6
Saanvi Kapoor,11,Investment Advisor,"CFA, CPA",Nagaland,3.6
Aarohi Desai,29,Chartered Accountant,CFA,Nagaland,3.9
Sai Patel,3,Wealth Manager,"CA, CFA",Nagaland,3.7
Myra Malhotra,14,Tax Consultant,CFA,Nagaland,3.4
Meera Patel,1,Investment Advisor,"CA, CPA",Nagaland,3.2
Aadhya Joshi,14,Wealth Manager,"SEBI RIA, CPA",Nagaland,4.1
Reyansh Sharma,1,Wealth Manager,"CA, SEBI RIA",Nagaland,3.9
Diya Chowdhury,5,Financial Planner,"CFP, CPA",Nagaland,3.1
Diya Patel,12,Investment Advisor,FRM,Nagaland,3.9
Meera Verma,16,Investment Advisor,CPA,Odisha,3.3
Diya Iyer,24,Investment Advisor,"CFP, FRM",Odisha,4.9
Saanvi Iyer,19,Tax Consultant,"FRM, CFP",Odisha,4.4
Aarohi Nair,28,Wealth Manager,"CFA, SEBI RIA",Odisha,4.3
Aarav Reddy,24,Chartered Accountant,CFA,Odisha,3.2
Avni Joshi,25,Chartered Accountant,"SEBI RIA, CFP",Odisha,3.8
Avni Chowdhury,19,Investment Advisor,"FRM, CA",Odisha,3.7
Diya Verma,3,Chartered Accountant,"CFP, FRM",Odisha,3.1
Ayaan Reddy,8,Chartered Accountant,"FRM, SEBI RIA",Odisha,4.3
Aadhya Malhotra,25,Tax Consultant,CFA,Odisha,4.9
Saanvi Nambiar,29,Tax Consultant,"SEBI RIA, CPA",Odisha,3.9
Sai Joshi,8,Wealth Manager,"FRM, CA",Odisha,4.8
Vihaan Nair,30,Wealth Manager,FRM,Odisha,3.7
Aadhya Verma,28,Chartered Accountant,FRM,Odisha,4.9
Anaya Gupta,24,Tax Consultant,SEBI RIA,Odisha,3.0
Aadhya Kulkarni,17,Investment Advisor,"CPA, SEBI RIA",Odisha,4.1
Saanvi Verma,15,Financial Planner,FRM,Odisha,4.3
Vihaan Bansal,6,Chartered Accountant,CPA,Odisha,3.5
Saanvi Mehta,12,Investment Advisor,CFA,Odisha,4.8
Arjun Chowdhury,24,Wealth Manager,"CFA, CPA",Odisha,4.6
Vivaan Desai,3,Tax Consultant,SEBI RIA,Odisha,3.5
Krishna Agarwal,15,Wealth Manager,CFA,Odisha,4.1
Krishna Patel,5,Tax Consultant,"CA, CFP",Odisha,3.8
Ayaan Patel,26,Tax Consultant,CA,Odisha,4.4
Krishna Kulkarni,25,Financial Planner,"CFA, CA",Odisha,3.1
Avni Reddy,28,Financial Planner,"CA, CFP",Odisha,3.3
Aarohi Joshi,6,Financial Planner,"CFA, CA",Odisha,5.0
Sai Kapoor,22,Tax Consultant,"CFA, CFP",Odisha,3.9
Reyansh Nambiar,24,Investment Advisor,"SEBI RIA, CFA",Odisha,3.0
Diya Bansal,27,Investment Advisor,"CFA, SEBI RIA",Odisha,4.2
Ayaan Nambiar,10,Investment Advisor,"CFA, CFP",Punjab,4.5
Reyansh Desai,9,Chartered Accountant,"FRM, CA",Punjab,4.7
Arjun Rao,28,Wealth Manager,CFA,Punjab,4.1
Aditya Saxena,27,Wealth Manager,"CPA, CFP",Punjab,4.1
Kiara Kulkarni,26,Investment Advisor,SEBI RIA,Punjab,4.2
Anaya Mehta,14,Chartered Accountant,FRM,Punjab,4.7
Kiara Reddy,22,Chartered Accountant,"CFP, CPA",Punjab,3.6
Myra Reddy,29,Wealth Manager,"CFP, SEBI RIA",Punjab,4.6
Arjun Agarwal,8,Chartered Accountant,"FRM, CA",Punjab,3.4
Anaya Desai,29,Chartered Accountant,CPA,Punjab,3.6
Reyansh Gupta,22,Wealth Manager,"CA, CPA",Punjab,4.3
Ishaan Chowdhury,3,Tax Consultant,CPA,Punjab,3.3
Aditya Mehta,24,Financial Planner,"CFP, CA",Punjab,3.2
Diya Nair,25,Financial Planner,CFA,Punjab,3.1
Kiara Desai,9,Financial Planner,"CFP, CFA",Punjab,4.5
Vivaan Agarwal,16,Wealth Manager,"SEBI RIA, CPA",Punjab,4.8
Sai Nair,16,Wealth Manager,"SEBI RIA, CFP",Punjab,3.9
Vivaan Sharma,27,Financial Planner,CFP,Punjab,3.1
Vivaan Tiwari,28,Investment Advisor,CA,Punjab,4.8
Krishna Mehta,30,Wealth Manager,"CPA, CFA",Punjab,3.2
Vivaan Patel,5,Chartered Accountant,CFP,Punjab,4.0
Vivaan Reddy,13,Wealth Manager,"CPA, CA",Punjab,3.6
Saanvi Sharma,19,Wealth Manager,"CA, CFP",Punjab,4.6
Arjun Sharma,30,Chartered Accountant,"FRM, CFA",Punjab,4.8
Sai Tiwari,24,Wealth Manager,"CFP, FRM",Punjab,4.7
Meera Reddy,1,Investment Advisor,CFP,Punjab,4.1
Diya Mehta,24,Wealth Manager,CFP,Punjab,3.3
Anaya Reddy,26,Tax Consultant,"CPA, CFP",Punjab,4.3
Ishaan Nair,30,Investment Advisor,CA,Punjab,4.8
Meera Desai,28,Tax Consultant,"CA, CFP",Punjab,4.1
Myra Rao,13,Investment Advisor,"CFA, SEBI RIA",Rajasthan,3.5
Vivaan Gupta,3,Chartered Accountant,SEBI RIA,Rajasthan,3.7
Sai Verma,19,Tax Consultant,"CA, CFP",Rajasthan,4.6
Aadhya Reddy,7,Chartered Accountant,"FRM, CFP",Rajasthan,4.6
Vihaan Reddy,13,Tax Consultant,"SEBI RIA, CFA",Rajasthan,4.5
Diya Reddy,8,Wealth Manager,FRM,Rajasthan,4.5
Ayaan Rao,4,Wealth Manager,CA,Rajasthan,3.4
Pari Saxena,15,Wealth Manager,"CA, SEBI RIA",Rajasthan,3.9
Saanvi Gupta,6,Chartered Accountant,"CA, SEBI RIA",Rajasthan,3.5
Vihaan Mehta,29,Chartered Accountant,"CFP, FRM",Rajasthan,4.6
Kiara Mehta,19,Wealth Manager,"CA, CPA",Rajasthan,3.9
Kiara Sharma,1,Investment Advisor,"CFA, CPA",Rajasthan,3.1
Myra Joshi,4,Chartered Accountant,"CPA, CFP",Rajasthan,4.7
Kiara Iyer,3,Tax Consultant,SEBI RIA,Rajasthan,5.0
Diya Desai,27,Investment Advisor,FRM,Rajasthan,3.9
Sai Kulkarni,1,Tax Consultant,"SEBI RIA, FRM",Rajasthan,3.7
Sai Desai,8,Wealth Manager,"CFA, CPA",Rajasthan,4.4
Vihaan Agarwal,20,Investment Advisor,FRM,Rajasthan,4.0
Aditya Chowdhury,24,Tax Consultant,"SEBI RIA, CPA",Rajasthan,4.1
Myra Verma,24,Tax Consultant,"CFA, FRM",Rajasthan,3.0
Aadhya Rao,29,Financial Planner,CPA,Rajasthan,4.4
Saanvi Patel,17,Tax Consultant,"SEBI RIA, FRM",Rajasthan,3.0
Aditya Bansal,22,Chartered Accountant,"FRM, CA",Rajasthan,3.5
Pari Desai,7,Financial Planner,"FRM, CFP",Rajasthan,4.0
Krishna Rao,27,Financial Planner,"CPA, SEBI RIA",Rajasthan,3.2
Kiara Rao,16,Wealth Manager,"CFP, CPA",Rajasthan,4.3
Aditya Desai,6,Tax Consultant,CA,Rajasthan,4.7
Ayaan Saxena,19,Tax Consultant,"CFA, CA",Rajasthan,4.1
Aarav Patel,30,Wealth Manager,FRM,Rajasthan,3.5
Avni Desai,4,Wealth Manager,"CFA, CA",Rajasthan,4.7
Krishna Verma,14,Investment Advisor,CFA,Sikkim,4.7
Aarohi Verma,29,Investment Advisor,CPA,Sikkim,4.6
Aadhya Kapoor,16,Financial Planner,"FRM, CFP",Sikkim,4.2
Reyansh Iyer,12,Investment Advisor,CPA,Sikkim,3.5
Vihaan Gupta,18,Wealth Manager,"CA, CPA",Sikkim,3.3
Vihaan Sharma,24,Financial Planner,CPA,Sikkim,3.7
Aarav Bansal,19,Investment Advisor,CFA,Sikkim,4.3
Meera Chowdhury,29,Wealth Manager,SEBI RIA,Sikkim,4.5
Meera Bansal,3,Tax Consultant,CFA,Sikkim,3.2
Meera Tiwari,20,Financial Planner,"SEBI RIA, CFP",Sikkim,4.5
Arjun Nambiar,17,Wealth Manager,CFA,Sikkim,4.6
Vivaan Mehta,23,Investment Advisor,CA,Sikkim,3.2
Saanvi Chowdhury,5,Tax Consultant,CPA,Sikkim,4.7
Ishaan Verma,5,Investment Advisor,"CFP, CA",Sikkim,4.2
Arjun Kulkarni,26,Tax Consultant,CPA,Sikkim,4.2
Pari Sharma,8,Chartered Accountant,CFA,Sikkim,4.3
Saanvi Reddy,20,Financial Planner,SEBI RIA,Sikkim,3.8
Aditya Joshi,9,Investment Advisor,"CA, FRM",Sikkim,4.8
Vivaan Nair,9,Investment Advisor,CFA,Sikkim,4.9
Diya Tiwari,23,Chartered Accountant,CFP,Sikkim,4.8
Saanvi Saxena,19,Financial Planner,"CPA, SEBI RIA",Sikkim,4.7
Ishaan Joshi,8,Investment Advisor,CFP,Sikkim,3.8
Aditya Sharma,6,Wealth Manager,SEBI RIA,Sikkim,4.7
Kiara Nambiar,1,Wealth Manager,"FRM, CA",Sikkim,3.7
Aditya Nair,14,Investment Advisor,"CFP, CFA",Sikkim,3.4
Anaya Malhotra,10,Wealth Manager,"FRM, CFA",Sikkim,4.8
Aditya Nambiar,21,Wealth Manager,"CA, CFA",Sikkim,4.2
Ishaan Saxena,18,Financial Planner,CPA,Sikkim,4.0
Avni Tiwari,29,Financial Planner,FRM,Sikkim,3.1
Meera Nambiar,11,Investment Advisor,CFA,Sikkim,4.0
Meera Agarwal,10,Wealth Manager,"CA, CFA",Tamil Nadu,3.7
Arjun Malhotra,14,Financial Planner,SEBI RIA,Tamil Nadu,3.8
Pari Verma,1,Investment Advisor,"FRM, CPA",Tamil Nadu,3.1
Aditya Rao,12,Chartered Accountant,"FRM, CFA",Tamil Nadu,4.6
Diya Agarwal,13,Chartered Accountant,"FRM, CA",Tamil Nadu,4.6
Aarohi Agarwal,7,Investment Advisor,"CA, CFA",Tamil Nadu,4.4
Vivaan Saxena,24,Investment Advisor,"CA, CFP",Tamil Nadu,3.4
Myra Patel,28,Investment Advisor,FRM,Tamil Nadu,3.3
Arjun Iyer,18,Wealth Manager,FRM,Tamil Nadu,4.5
Vivaan Kapoor,16,Tax Consultant,"CA, SEBI RIA",Tamil Nadu,4.2
Krishna Saxena,25,Wealth Manager,"CFP, CPA",Tamil Nadu,4.0
Aarav Saxena,12,Financial Planner,"CFP, SEBI RIA",Tamil Nadu,4.1
Vivaan Bansal,25,Financial Planner,CFP,Tamil Nadu,3.8
Aarav Verma,23,Chartered Accountant,"CA, CPA",Tamil Nadu,3.6
Kiara Bansal,18,Investment Advisor,CFP,Tamil Nadu,3.1
Sai Chowdhury,10,Investment Advisor,CFA,Tamil Nadu,3.9
Kiara Chowdhury,22,Financial Planner,"SEBI RIA, CFP",Tamil Nadu,3.9
Aarav Gupta,27,Tax Consultant,"FRM, CFP",Tamil Nadu,3.6
Reyansh Bansal,24,Tax Consultant,CPA,Tamil Nadu,3.8
Kiara Tiwari,27,Wealth Manager,"FRM, CFA",Tamil Nadu,3.4
Sai Reddy,9,Chartered Accountant,"FRM, CA",Tamil Nadu,4.9
Krishna Nambiar,17,Wealth Manager,"CA, FRM",Tamil Nadu,4.8
Aditya Kulkarni,18,Tax Consultant,CPA,Tamil Nadu,4.0
Avni Agarwal,19,Tax Consultant,CFA,Tamil Nadu,4.1
Kiara Gupta,21,Financial Planner,CFA,Tamil Nadu,3.8
Vihaan Iyer,23,Chartered Accountant,CPA,Tamil Nadu,3.6
Aarohi Mehta,29,Financial Planner,CFA,Tamil Nadu,4.6
Aarohi Chowdhury,7,Chartered Accountant,"CFP, FRM",Tamil Nadu,4.7
Kiara Saxena,17,Investment Advisor,SEBI RIA,Tamil Nadu,4.9
Pari Chowdhury,22,Financial Planner,"CFA, CPA",Tamil Nadu,3.6
Aarav Tiwari,18,Tax Consultant,CFP,Telangana,3.2
Aditya Iyer,27,Investment Advisor,"FRM, CA",Telangana,4.8
Diya Kulkarni,3,Investment Advisor,"FRM, SEBI RIA",Telangana,3.7
Aarohi Gupta,26,Wealth Manager,"CFP, CFA",Telangana,4.8
Krishna Tiwari,24,Investment Advisor,"CFA, FRM",Telangana,4.2
Ishaan Patel,17,Investment Advisor,CFP,Telangana,4.1
Arjun Mehta,21,Chartered Accountant,"CA, FRM",Telangana,3.9
Sai Nambiar,8,Financial Planner,"CPA, CA",Telangana,3.8
Reyansh Joshi,16,Chartered Accountant,"SEBI RIA, CPA",Telangana,4.1
Ishaan Iyer,1,Wealth Manager,CA,Telangana,4.3
Aditya Malhotra,1,Tax Consultant,"CA, CFA",Telangana,4.1
Meera Sharma,15,Wealth Manager,FRM,Telangana,3.3
Sai Agarwal,7,Wealth Manager,CFA,Telangana,4.0
Aditya Kapoor,15,Financial Planner,"SEBI RIA, CPA",Telangana,3.2
Myra Chowdhury,17,Investment Advisor,"CFA, CA",Telangana,3.7
Meera Nair,24,Tax Consultant,SEBI RIA,Telangana,4.3
Anaya Joshi,27,Wealth Manager,FRM,Telangana,4.9
Ishaan Reddy,27,Wealth Manager,"FRM, SEBI RIA",Telangana,4.9
Arjun Nair,28,Tax Consultant,"CA, CPA",Telangana,3.3
Myra Agarwal,6,Tax Consultant,FRM,Telangana,3.7
Vivaan Nambiar,16,Financial Planner,CPA,Telangana,3.5
Aadhya Desai,2,Financial Planner,"CFA, CPA",Telangana,3.9
Vivaan Rao,3,Wealth Manager,"FRM, SEBI RIA",Telangana,4.5
Vivaan Malhotra,6,Investment Advisor,"CA, CPA",Telangana,3.9
Aadhya Gupta,12,Financial Planner,"CFA, CA",Telangana,4.1
Vihaan Desai,28,Investment Advisor,CA,Telangana,3.6
Vihaan Joshi,14,Wealth Manager,"CFA, CFP",Telangana,4.7
Aarav Agarwal,21,Investment Advisor,"FRM, CFA",Telangana,3.3
Aarav Nair,30,Tax Consultant,CA,Telangana,4.2
Vihaan Kulkarni,2,Chartered Accountant,FRM,Telangana,3.0
Aarav Chowdhury,16,Wealth Manager,"CPA, SEBI RIA",Tripura,3.8
Aadhya Agarwal,25,Investment Advisor,CFP,Tripura,4.4
Ishaan Desai,18,Wealth Manager,CPA,Tripura,4.2
Arjun Verma,11,Chartered Accountant,FRM,Tripura,3.8
Aadhya Chowdhury,3,Financial Planner,CFA,Tripura,3.6
Reyansh Saxena,2,Wealth Manager,"FRM, SEBI RIA",Tripura,3.5
Ishaan Bansal,6,Chartered Accountant,CFA,Tripura,4.0
Avni Sharma,30,Wealth Manager,CPA,Tripura,3.1
Saanvi Agarwal,10,Wealth Manager,"CFA, FRM",Tripura,3.6
Ayaan Gupta,27,Financial Planner,SEBI RIA,Tripura,4.4
Reyansh Kapoor,7,Tax Consultant,CFP,Tripura,3.6
Ayaan Bansal,10,Financial Planner,"SEBI RIA, CFP",Tripura,5.0
Ishaan Sharma,9,Tax Consultant,CPA,Tripura,3.6
Ishaan Gupta,25,Wealth Manager,"FRM, CFP",Tripura,3.4
Anaya Verma,21,Investment Advisor,"SEBI RIA, CPA",Tripura,3.9
Diya Kapoor,29,Investment Advisor,"CFP, CA",Tripura,3.8
Kiara Agarwal,9,Tax Consultant,"CA, CFP",Tripura,4.9
Anaya Chowdhury,2,Tax Consultant,"SEBI RIA, FRM",Tripura,3.9
Ishaan Tiwari,1,Wealth Manager,"CA, CPA",Tripura,4.1
Aarohi Bansal,27,Wealth Manager,"CFA, FRM",Tripura,3.9
Vihaan Chowdhury,12,Tax Consultant,"CFP, FRM",Tripura,3.3
Aadhya Nambiar,10,Financial Planner,"SEBI RIA, CFA",Tripura,3.6
Ayaan Agarwal,13,Chartered Accountant,CPA,Tripura,4.0
Krishna Kapoor,3,Chartered Accountant,"CPA, CA",Tripura,3.8
Ishaan Kapoor,7,Investment Advisor,CPA,Tripura,3.6
Aditya Tiwari,30,Investment Advisor,CPA,Tripura,3.8
Sai Gupta,30,Chartered Accountant,"SEBI RIA, CA",Tripura,4.9
Kiara Patel,15,Tax Consultant,"CFP, SEBI RIA",Tripura,3.6
Vihaan Nambiar,29,Tax Consultant,FRM,Tripura,4.0
Ayaan Verma,10,Chartered Accountant,CA,Tripura,4.7
Reyansh Kulkarni,5,Chartered Accountant,"FRM, SEBI RIA",Uttar Pradesh,3.4
Reyansh Reddy,12,Investment Advisor,"SEBI RIA, FRM",Uttar Pradesh,4.5
Kiara Verma,8,Investment Advisor,"SEBI RIA, FRM",Uttar Pradesh,3.2
Aarohi Malhotra,5,Investment Advisor,CA,Uttar Pradesh,4.4
Diya Joshi,13,Wealth Manager,"CA, CPA",Uttar Pradesh,4.9
Pari Kulkarni,4,Wealth Manager,"CA, SEBI RIA",Uttar Pradesh,3.0
Reyansh Nair,24,Tax Consultant,"CFP, CFA",Uttar Pradesh,4.5
Aarav Nambiar,13,Chartered Accountant,"CFA, CPA",Uttar Pradesh,4.8
Myra Gupta,12,Tax Consultant,"CFA, CFP",Uttar Pradesh,4.7
Diya Saxena,21,Investment Advisor,FRM,Uttar Pradesh,3.7
Ayaan Chowdhury,14,Chartered Accountant,"CFP, CPA",Uttar Pradesh,3.4
Anaya Patel,25,Financial Planner,"CA, FRM",Uttar Pradesh,3.1
Avni Bansal,17,Tax Consultant,"SEBI RIA, FRM",Uttar Pradesh,4.8
Anaya Kapoor,3,Chartered Accountant,"CA, SEBI RIA",Uttar Pradesh,3.5
Saanvi Bansal,21,Investment Advisor,CFA,Uttar Pradesh,3.9
Aarav Sharma,1,Investment Advisor,CFP,Uttar Pradesh,3.3
Ishaan Nambiar,2,Wealth Manager,CPA,Uttar Pradesh,4.6
Reyansh Patel,26,Investment Advisor,"FRM, CFA",Uttar Pradesh,4.9
Aadhya Sharma,29,Wealth Manager,"CPA, CFP",Uttar Pradesh,4.0
Krishna Desai,9,Financial Planner,CFP,Uttar Pradesh,3.7
Reyansh Tiwari,11,Financial Planner,"CFA, CA",Uttar Pradesh,4.5
Aadhya Bansal,21,Wealth Manager,FRM,Uttar Pradesh,4.0
Meera Joshi,20,Tax Consultant,"CA, FRM",Uttar Pradesh,3.9
Vivaan Iyer,4,Financial Planner,"CPA, FRM",Uttar Pradesh,3.1
Aarav Desai,5,Chartered Accountant,CFP,Uttar Pradesh,4.8
Sai Malhotra,1,Wealth Manager,"SEBI RIA, CFA",Uttar Pradesh,4.6
Arjun Saxena,3,Wealth Manager,CFP,Uttar Pradesh,4.1
Myra Bansal,30,Investment Advisor,"FRM, CFA",Uttar Pradesh,3.8
Pari Bansal,22,Investment Advisor,"CPA, FRM",Uttar Pradesh,3.6
Anaya Iyer,24,Tax Consultant,"FRM, CPA",Uttar Pradesh,4.8
Aarohi Rao,9,Wealth Manager,CFP,Uttarakhand,3.4
Vihaan Rao,6,Investment Advisor,CFA,Uttarakhand,4.9
Aarohi Kulkarni,14,Chartered Accountant,"CFA, CPA",Uttarakhand,4.6
Ishaan Mehta,4,Chartered Accountant,"FRM, CA",Uttarakhand,4.8
Pari Rao,23,Wealth Manager,SEBI RIA,Uttarakhand,4.7
Myra Nair,27,Investment Advisor,"CFA, SEBI RIA",Uttarakhand,4.9
Meera Malhotra,26,Chartered Accountant,"SEBI RIA, CPA",Uttarakhand,4.0
Meera Gupta,6,Investment Advisor,"CFP, FRM",Uttarakhand,3.5
Pari Malhotra,29,Tax Consultant,SEBI RIA,Uttarakhand,4.1
Aarohi Saxena,27,Tax Consultant,"CFP, SEBI RIA",Uttarakhand,3.6
Aarav Kapoor,1,Investment Advisor,CFA,Uttarakhand,4.8
Aditya Verma,30,Investment Advisor,"CPA, SEBI RIA",Uttarakhand,4.0
Krishna Nair,27,Tax Consultant,"CA, FRM",Uttarakhand,4.4
Krishna Malhotra,23,Investment Advisor,FRM,Uttarakhand,4.6
Avni Gupta,2,Investment Advisor,"SEBI RIA, CA",Uttarakhand,3.5
Anaya Rao,1,Financial Planner,CA,Uttarakhand,3.9
Diya Sharma,20,Investment Advisor,CFP,Uttarakhand,4.4
Ishaan Kulkarni,14,Chartered Accountant,"SEBI RIA, CA",Uttarakhand,3.3
Reyansh Chowdhury,26,Tax Consultant,FRM,Uttarakhand,4.7
Aarav Iyer,5,Wealth Manager,CFP,Uttarakhand,3.6
Vivaan Verma,21,Chartered Accountant,SEBI RIA,Uttarakhand,3.8
Saanvi Desai,5,Investment Advisor,"CFA, CFP",Uttarakhand,4.3
Aarav Malhotra,25,Investment Advisor,"FRM, CFP",Uttarakhand,4.9
Vivaan Kulkarni,8,Tax Consultant,"CA, FRM",Uttarakhand,4.7
Ayaan Kulkarni,15,Chartered Accountant,"FRM, CFP",Uttarakhand,3.3
Aadhya Saxena,17,Tax Consultant,CFP,Uttarakhand,3.2
Reyansh Malhotra,21,Tax Consultant,"CFP, CPA",Uttarakhand,3.6
Vivaan Chowdhury,4,Tax Consultant,CA,Uttarakhand,4.5
Krishna Iyer,4,Investment Advisor,"FRM, CPA",Uttarakhand,4.7
Ayaan Sharma,21,Wealth Manager,"FRM, CA",Uttarakhand,3.4
Aarav Mehta,10,Wealth Manager,FRM,West Bengal,4.3
Aditya Agarwal,21,Chartered Accountant,"CA, FRM",West Bengal,4.8
Myra Kapoor,14,Tax Consultant,"CPA, FRM",West Bengal,4.1
Kiara Kapoor,27,Wealth Manager,CFA,West Bengal,3.8
Kiara Joshi,23,Chartered Accountant,CPA,West Bengal,4.5
Ayaan Kapoor,5,Wealth Manager,"CA, SEBI RIA",West Bengal,4.3
Arjun Joshi,7,Financial Planner,"CFP, SEBI RIA",West Bengal,4.4
Avni Malhotra,28,Investment Advisor,SEBI RIA,West Bengal,4.1
Aarohi Reddy,14,Chartered Accountant,CFP,West Bengal,4.7
Avni Nair,13,Financial Planner,SEBI RIA,West Bengal,3.3
Sai Bansal,26,Chartered Accountant,CA,West Bengal,3.2
Aditya Reddy,25,Tax Consultant,"CPA, SEBI RIA",West Bengal,3.7
Avni Mehta,30,Tax Consultant,"CFP, FRM",West Bengal,4.1
Ayaan Joshi,18,Tax Consultant,"SEBI RIA, CA",West Bengal,4.2
Reyansh Verma,30,Tax Consultant,CPA,West Bengal,4.3
Aarav Rao,10,Chartered Accountant,CFP,West Bengal,4.0
Pari Nambiar,18,Chartered Accountant,"FRM, CFP",West Bengal,4.6
Aarav Joshi,2,Chartered Accountant,"CFP, SEBI RIA",West Bengal,4.8
Sai Iyer,30,Investment Advisor,"CFP, SEBI RIA",West Bengal,4.7
Pari Reddy,10,Financial Planner,CFA,West Bengal,3.0
Vihaan Verma,10,Financial Planner,CPA,West Bengal,3.7
Arjun Bansal,4,Tax Consultant,CFA,West Bengal,4.7
Aadhya Iyer,6,Financial Planner,CFP,West Bengal,4.3
Pari Gupta,13,Investment Advisor,"CFP, CA",West Bengal,4.6
Myra Mehta,8,Chartered Accountant,"CA, CFP",West Bengal,4.4
Avni Saxena,14,Chartered Accountant,CA,West Bengal,3.7
Krishna Reddy,5,Investment Advisor,CA,West Bengal,3.6
Kiara Malhotra,7,Financial Planner,CFA,West Bengal,4.3
Myra Iyer,26,Wealth Manager,"CFP, FRM",West Bengal,3.4
Arjun Patel,19,Tax Consultant,CPA,West Bengal,4.5
Avni Nambiar,11,Investment Advisor,"SEBI RIA, CPA",Andaman and Nicobar Islands,4.8
Ayaan Mehta,22,Chartered Accountant,"FRM, CFP",Andaman and Nicobar Islands,5.0
Aarohi Nambiar,28,Financial Planner,CFP,Andaman and Nicobar Islands,3.9
Myra Tiwari,2,Financial Planner,CFA,Andaman and Nicobar Islands,3.5
Pari Mehta,23,Investment Advisor,"CA, SEBI RIA",Andaman and Nicobar Islands,4.7
Sai Rao,16,Chartered Accountant,CA,Andaman and Nicobar Islands,3.7
Vihaan Malhotra,17,Chartered Accountant,"SEBI RIA, CA",Andaman and Nicobar Islands,4.6
Diya Nambiar,9,Wealth Manager,FRM,Andaman and Nicobar Islands,3.5
Meera Mehta,11,Investment Advisor,CFP,Andaman and Nicobar Islands,3.7
Arjun Gupta,26,Chartered Accountant,"CFP, CFA",Andaman and Nicobar Islands,3.9
Saanvi Joshi,5,Investment Advisor,CFA,Andaman and Nicobar Islands,3.6
Aadhya Nair,5,Chartered Accountant,CPA,Andaman and Nicobar Islands,3.8
Aarohi Kapoor,25,Chartered Accountant,"CFA, CA",Andaman and Nicobar Islands,4.3
Aarohi Tiwari,15,Tax Consultant,CFA,Andaman and Nicobar Islands,4.3
Sai Sharma,11,Investment Advisor,FRM,Andaman and Nicobar Islands,3.8
Reyansh Rao,23,Financial Planner,"CA, CFA",Andaman and Nicobar Islands,3.2
Meera Kapoor,6,Investment Advisor,"SEBI RIA, FRM",Andaman and Nicobar Islands,3.5
Pari Joshi,4,Tax Consultant,"CPA, CA",Andaman and Nicobar Islands,4.1
Myra Saxena,4,Financial Planner,CFP,Andaman and Nicobar Islands,4.3
Arjun Tiwari,22,Financial Planner,"CPA, CFA",Andaman and Nicobar Islands,3.5
Pari Iyer,11,Wealth Manager,CFP,Andaman and Nicobar Islands,4.6
Anaya Sharma,24,Financial Planner,"SEBI RIA, CPA",Andaman and Nicobar Islands,4.1
Ishaan Rao,29,Wealth Manager,"CFA, CPA",Andaman and Nicobar Islands,4.3
Meera Kulkarni,28,Tax Consultant,"CFA, CA",Andaman and Nicobar Islands,3.9
Krishna Joshi,23,Chartered Accountant,CFA,Andaman and Nicobar Islands,4.3
Anaya Kulkarni,12,Investment Advisor,"CFA, CFP",Andaman and Nicobar Islands,5.0
Ishaan Agarwal,21,Chartered Accountant,CA,Andaman and Nicobar Islands,4.9
Anaya Tiwari,5,Wealth Manager,"CA, CFP",Andaman and Nicobar Islands,4.1
Anaya Agarwal,13,Chartered Accountant,"CFP, FRM",Andaman and Nicobar Islands,4.8
Anaya Bansal,18,Tax Consultant,CFP,Andaman and Nicobar Islands,3.6
Krishna Sharma,20,Investment Advisor,CFP,Chandigarh,4.8
Pari Patel,15,Wealth Manager,"CPA, CFA",Chandigarh,4.3
Aadhya Mehta,28,Financial Planner,"CPA, CFA",Chandigarh,4.0
Myra Kulkarni,19,Investment Advisor,CFP,Chandigarh,3.2
Anaya Saxena,2,Tax Consultant,"FRM, CFA",Chandigarh,4.6
Diya Gupta,13,Investment Advisor,"FRM, CA",Chandigarh,3.8
Avni Kulkarni,11,Investment Advisor,"FRM, SEBI RIA",Chandigarh,3.0
Aarav Kulkarni,23,Financial Planner,FRM,Chandigarh,3.5
Pari Kapoor,5,Tax Consultant,"CA, CFP",Chandigarh,4.2
Ayaan Nair,16,Wealth Manager,FRM,Chandigarh,4.0
Aarohi Sharma,8,Wealth Manager,CFA,Chandigarh,4.9
Myra Sharma,11,Investment Advisor,"CA, CPA",Chandigarh,4.2
Myra Nambiar,23,Wealth Manager,CA,Chandigarh,4.3
Saanvi Nair,12,Tax Consultant,CA,Chandigarh,3.3
Krishna Bansal,30,Tax Consultant,CFP,Chandigarh,3.2
Avni Verma,22,Financial Planner,CA,Chandigarh,3.1
Avni Rao,3,Investment Advisor,CFP,Chandigarh,4.0
Reyansh Mehta,6,Tax Consultant,SEBI RIA,Chandigarh,4.0
Pari Nair,2,Tax Consultant,"FRM, SEBI RIA",Chandigarh,3.5
Sai Saxena,20,Tax Consultant,CFA,Chandigarh,3.3
Arjun Reddy,14,Chartered Accountant,"FRM, CFP",Chandigarh,4.1
Vihaan Saxena,24,Tax Consultant,SEBI RIA,Chandigarh,3.2
Saanvi Malhotra,1,Investment Advisor,"CFP, SEBI RIA",Chandigarh,4.8
Avni Kapoor,29,Wealth Manager,CFP,Chandigarh,4.8
Anaya Nair,19,Financial Planner,CA,Chandigarh,3.6
Aarohi Patel,10,Wealth Manager,"CA, CFA",Chandigarh,4.6
Vihaan Tiwari,1,Wealth Manager,FRM,Chandigarh,4.9
Vihaan Kapoor,28,Wealth Manager,"CFA, FRM",Chandigarh,3.6
Saanvi Rao,19,Financial Planner,CA,Chandigarh,4.2
Saanvi Tiwari,3,Wealth Manager,CFA,Chandigarh,3.3
Ishaan Malhotra,28,Investment Advisor,CPA,Dadra and Nagar Haveli and Daman and Diu,4.6
Krishna Gupta,17,Investment Advisor,CFA,Dadra and Nagar Haveli and Daman and Diu,3.7
Meera Saxena,29,Investment Advisor,"CFP, SEBI RIA",Dadra and Nagar Haveli and Daman and Diu,5.0
Anaya Nambiar,11,Chartered Accountant,CFP,Dadra and Nagar Haveli and Daman and Diu,3.6
Avni Iyer,20,Tax Consultant,"CPA, CA",Dadra and Nagar Haveli and Daman and Diu,3.8
Saanvi Kulkarni,2,Wealth Manager,SEBI RIA,Dadra and Nagar Haveli and Daman and Diu,4.4
Pari Tiwari,10,Investment Advisor,CPA,Dadra and Nagar Haveli and Daman and Diu,3.3
Ayaan Malhotra,14,Investment Advisor,CFP,Dadra and Nagar Haveli and Daman and Diu,3.2
Vivaan Joshi,15,Tax Consultant,"CPA, CFP",Dadra and Nagar Haveli and Daman and Diu,3.2
Diya Rao,23,Tax Consultant,SEBI RIA,Dadra and Nagar Haveli and Daman and Diu,4.1
Aadhya Patel,13,Chartered Accountant,CFA,Dadra and Nagar Haveli and Daman and Diu,3.5
Kiara Nair,28,Chartered Accountant,"CFP, CA",Dadra and Nagar Haveli and Daman and Diu,3.1
Diya Malhotra,13,Tax Consultant,CA,Dadra and Nagar Haveli and Daman and Diu,4.0
Aditya Patel,5,Financial Planner,SEBI RIA,Dadra and Nagar Haveli and Daman and Diu,3.1
Meera Iyer,15,Financial Planner,CFA,Dadra and Nagar Haveli and Daman and Diu,4.2
Myra Desai,19,Investment Advisor,"FRM, CA",Dadra and Nagar Haveli and Daman and Diu,4.0
Sai Mehta,11,Chartered Accountant,FRM,Dadra and Nagar Haveli and Daman and Diu,3.1
Aadhya Tiwari,9,Investment Advisor,CFP,Dadra and Nagar Haveli and Daman and Diu,4.6
Meera Rao,7,Wealth Manager,CA,Dadra and Nagar Haveli and Daman and Diu,4.2
Aarohi Iyer,14,Wealth Manager,"CPA, SEBI RIA",Dadra and Nagar Haveli and Daman and Diu,4.7
Ayaan Desai,25,Chartered Accountant,"CA, CPA",Dadra and Nagar Haveli and Daman and Diu,3.4
Reyansh Agarwal,10,Financial Planner,"CA, CFA",Dadra and Nagar Haveli and Daman and Diu,3.4
Arjun Desai,16,Chartered Accountant,CFP,Dadra and Nagar Haveli and Daman and Diu,3.1
Arjun Kapoor,27,Wealth Manager,"CPA, CFP",Dadra and Nagar Haveli and Daman and Diu,3.7
Ayaan Iyer,21,Investment Advisor,"CFP, CA",Dadra and Nagar Haveli and Daman and Diu,4.3
Vihaan Patel,3,Tax Consultant,"SEBI RIA, CPA",Dadra and Nagar Haveli and Daman and Diu,3.5
Aditya Gupta,14,Wealth Manager,"SEBI RIA, CFP",Dadra and Nagar Haveli and Daman and Diu,3.3
Krishna Chowdhury,15,Chartered Accountant,"CFA, CPA",Dadra and Nagar Haveli and Daman and Diu,4.6
Pari Agarwal,30,Tax Consultant,CFP,Dadra and Nagar Haveli and Daman and Diu,3.9
Avni Patel,19,Financial Planner,"CPA, CA",Dadra and Nagar Haveli and Daman and Diu,3.1
Ayaan Tiwari,6,Wealth Manager,"CFA, SEBI RIA",Delhi,3.0
Saanvi Kapoor,24,Chartered Accountant,CFP,Delhi,4.9
Aarohi Desai,18,Wealth Manager,SEBI RIA,Delhi,3.4
Sai Patel,1,Investment Advisor,"SEBI RIA, FRM",Delhi,4.7
Myra Malhotra,11,Tax Consultant,CFA,Delhi,4.9
Meera Patel,1,Investment Advisor,"CFA, SEBI RIA",Delhi,4.2
Aadhya Joshi,16,Chartered Accountant,SEBI RIA,Delhi,4.2
Reyansh Sharma,1,Wealth Manager,CPA,Delhi,4.3
Diya Chowdhury,18,Wealth Manager,"SEBI RIA, CA",Delhi,3.5
Diya Patel,30,Investment Advisor,"FRM, CFA",Delhi,3.8
Meera Verma,15,Investment Advisor,"FRM, CFA",Delhi,4.6
Diya Iyer,10,Wealth Manager,CFP,Delhi,5.0
Saanvi Iyer,10,Wealth Manager,CA,Delhi,4.9
Aarohi Nair,2,Tax Consultant,CPA,Delhi,3.3
Aarav Reddy,5,Tax Consultant,CPA,Delhi,3.3
Avni Joshi,21,Tax Consultant,SEBI RIA,Delhi,3.2
Avni Chowdhury,10,Tax Consultant,"SEBI RIA, CFA",Delhi,4.5
Diya Verma,21,Financial Planner,CPA,Delhi,3.5
Ayaan Reddy,16,Investment Advisor,"CPA, CFP",Delhi,3.3
Aadhya Malhotra,7,Chartered Accountant,"CPA, CFA",Delhi,3.7
Saanvi Nambiar,5,Investment Advisor,"SEBI RIA, CFA",Delhi,3.1
Sai Joshi,13,Investment Advisor,CFA,Delhi,4.2
Vihaan Nair,20,Wealth Manager,CA,Delhi,3.2
Aadhya Verma,1,Investment Advisor,CPA,Delhi,3.8
Anaya Gupta,27,Investment Advisor,CFP,Delhi,4.9
Aadhya Kulkarni,25,Tax Consultant,SEBI RIA,Delhi,3.8
Saanvi Verma,13,Financial Planner,CFP,Delhi,4.0
Vihaan Bansal,28,Wealth Manager,"CA, CPA",Delhi,4.4
Saanvi Mehta,14,Tax Consultant,CPA,Delhi,3.6
Arjun Chowdhury,24,Chartered Accountant,CFP,Delhi,4.2
Vivaan Desai,15,Financial Planner,"SEBI RIA, CPA",Jammu and Kashmir,3.8
Krishna Agarwal,1,Wealth Manager,SEBI RIA,Jammu and Kashmir,4.0
Krishna Patel,23,Chartered Accountant,"CPA, CFP",Jammu and Kashmir,4.3
Ayaan Patel,27,Investment Advisor,"SEBI RIA, CFA",Jammu and Kashmir,4.7
Krishna Kulkarni,17,Financial Planner,"CPA, FRM",Jammu and Kashmir,4.3
Avni Reddy,11,Investment Advisor,"FRM, CA",Jammu and Kashmir,3.1
Aarohi Joshi,13,Investment Advisor,CFP,Jammu and Kashmir,3.3
Sai Kapoor,12,Chartered Accountant,SEBI RIA,Jammu and Kashmir,3.1
Reyansh Nambiar,5,Investment Advisor,"CFP, FRM",Jammu and Kashmir,4.3
Diya Bansal,10,Financial Planner,"CPA, CA",Jammu and Kashmir,3.8
Ayaan Nambiar,21,Wealth Manager,"CA, CFP",Jammu and Kashmir,4.2
Reyansh Desai,25,Financial Planner,"CFA, FRM",Jammu and Kashmir,3.1
Arjun Rao,6,Financial Planner,"CA, FRM",Jammu and Kashmir,4.9
Aditya Saxena,21,Financial Planner,"CA, CPA",Jammu and Kashmir,4.7
Kiara Kulkarni,2,Investment Advisor,"CFP, CA",Jammu and Kashmir,3.8
Anaya Mehta,14,Financial Planner,CA,Jammu and Kashmir,4.4
Kiara Reddy,9,Chartered Accountant,"CA, FRM",Jammu and Kashmir,3.1
Myra Reddy,5,Investment Advisor,SEBI RIA,Jammu and Kashmir,4.1
Arjun Agarwal,4,Financial Planner,CFP,Jammu and Kashmir,3.2
Anaya Desai,26,Chartered Accountant,CFP,Jammu and Kashmir,3.5
Reyansh Gupta,15,Investment Advisor,"SEBI RIA, CFP",Jammu and Kashmir,3.7
Ishaan Chowdhury,8,Wealth Manager,CFP,Jammu and Kashmir,4.4
Aditya Mehta,24,Chartered Accountant,CFA,Jammu and Kashmir,4.7
Diya Nair,18,Tax Consultant,CFA,Jammu and Kashmir,3.7
Kiara Desai,7,Wealth Manager,CA,Jammu and Kashmir,4.6
Vivaan Agarwal,5,Investment Advisor,"CFA, CPA",Jammu and Kashmir,3.6
Sai Nair,9,Tax Consultant,"FRM, CPA",Jammu and Kashmir,4.7
Vivaan Sharma,16,Investment Advisor,"CFA, CA",Jammu and Kashmir,3.3
Vivaan Tiwari,23,Tax Consultant,"CPA, CA",Jammu and Kashmir,4.4
Krishna Mehta,26,Chartered Accountant,"CFP, CA",Jammu and Kashmir,3.5
Vivaan Patel,6,Wealth Manager,SEBI RIA,Ladakh,3.6
Vivaan Reddy,2,Investment Advisor,FRM,Ladakh,4.3
Saanvi Sharma,8,Financial Planner,CFA,Ladakh,3.3
Arjun Sharma,20,Tax Consultant,"CPA, CFP",Ladakh,4.8
Sai Tiwari,9,Financial Planner,"SEBI RIA, CFP",Ladakh,3.2
Meera Reddy,13,Investment Advisor,CFP,Ladakh,5.0
Diya Mehta,12,Financial Planner,CFA,Ladakh,4.2
Anaya Reddy,15,Chartered Accountant,"CFA, FRM",Ladakh,3.5
Ishaan Nair,27,Financial Planner,"FRM, SEBI RIA",Ladakh,3.0
Meera Desai,9,Tax Consultant,"SEBI RIA, FRM",Ladakh,4.4
Myra Rao,21,Investment Advisor,"FRM, CPA",Ladakh,3.8
Vivaan Gupta,2,Chartered Accountant,SEBI RIA,Ladakh,3.1
Sai Verma,17,Tax Consultant,"SEBI RIA, CA",Ladakh,3.7
Aadhya Reddy,6,Investment Advisor,"CFP, SEBI RIA",Ladakh,4.1
Vihaan Reddy,10,Investment Advisor,CPA,Ladakh,4.7
Diya Reddy,20,Wealth Manager,SEBI RIA,Ladakh,4.0
Ayaan Rao,23,Wealth Manager,"CA, SEBI RIA",Ladakh,3.3
Pari Saxena,10,Tax Consultant,"CPA, CA",Ladakh,4.4
Saanvi Gupta,12,Investment Advisor,FRM,Ladakh,3.0
Vihaan Mehta,23,Investment Advisor,SEBI RIA,Ladakh,4.8
Kiara Mehta,4,Financial Planner,"SEBI RIA, FRM",Ladakh,4.8
Kiara Sharma,9,Tax Consultant,CA,Ladakh,3.0
Myra Joshi,11,Investment Advisor,FRM,Ladakh,3.2
Kiara Iyer,14,Tax Consultant,FRM,Ladakh,4.5
Diya Desai,15,Tax Consultant,"CA, FRM",Ladakh,4.3
Sai Kulkarni,22,Wealth Manager,"FRM, CFP",Ladakh,4.6
Sai Desai,20,Tax Consultant,CFP,Ladakh,4.7
Vihaan Agarwal,13,Investment Advisor,SEBI RIA,Ladakh,4.3
Aditya Chowdhury,13,Tax Consultant,FRM,Ladakh,4.8
Myra Verma,17,Financial Planner,CA,Ladakh,4.8
Aadhya Rao,6,Wealth Manager,"SEBI RIA, CFA",Lakshadweep,3.5
Saanvi Patel,23,Tax Consultant,"CPA, CFP",Lakshadweep,4.0
Aditya Bansal,9,Tax Consultant,CA,Lakshadweep,3.4
Pari Desai,19,Financial Planner,CFA,Lakshadweep,3.5
Krishna Rao,12,Tax Consultant,CFA,Lakshadweep,4.0
Kiara Rao,30,Wealth Manager,"CFA, FRM",Lakshadweep,4.3
Aditya Desai,3,Chartered Accountant,"CFP, FRM",Lakshadweep,4.0
Ayaan Saxena,5,Financial Planner,FRM,Lakshadweep,4.9
Aarav Patel,16,Chartered Accountant,"CFA, SEBI RIA",Lakshadweep,4.5
Avni Desai,7,Financial Planner,"CPA, CFA",Lakshadweep,3.3
Krishna Verma,26,Financial Planner,"CPA, CFP",Lakshadweep,3.1
Aarohi Verma,28,Financial Planner,"SEBI RIA, FRM",Lakshadweep,4.8
Aadhya Kapoor,8,Chartered Accountant,SEBI RIA,Lakshadweep,4.4
Reyansh Iyer,4,Chartered Accountant,"CFP, SEBI RIA",Lakshadweep,3.8
Vihaan Gupta,2,Financial Planner,CPA,Lakshadweep,4.8
Vihaan Sharma,29,Investment Advisor,CA,Lakshadweep,3.2
Aarav Bansal,20,Financial Planner,"CPA, SEBI RIA",Lakshadweep,4.6
Meera Chowdhury,27,Wealth Manager,CFP,Lakshadweep,4.5
Meera Bansal,14,Investment Advisor,CFP,Lakshadweep,3.3
Meera Tiwari,5,Investment Advisor,CFP,Lakshadweep,4.3
Arjun Nambiar,9,Chartered Accountant,"FRM, SEBI RIA",Lakshadweep,3.6
Vivaan Mehta,6,Chartered Accountant,"CFP, FRM",Lakshadweep,3.7
Saanvi Chowdhury,25,Chartered Accountant,"CA, SEBI RIA",Lakshadweep,3.3
Ishaan Verma,7,Financial Planner,CPA,Lakshadweep,3.5
Arjun Kulkarni,18,Investment Advisor,"CPA, CFA",Lakshadweep,4.4
Pari Sharma,30,Wealth Manager,"SEBI RIA, CPA",Lakshadweep,3.2
Saanvi Reddy,10,Chartered Accountant,"CA, FRM",Lakshadweep,3.3
Aditya Joshi,13,Wealth Manager,FRM,Lakshadweep,3.9
Vivaan Nair,28,Investment Advisor,"CA, FRM",Lakshadweep,4.3
Diya Tiwari,15,Tax Consultant,FRM,Lakshadweep,4.7
Saanvi Saxena,22,Investment Advisor,"FRM, CA",Puducherry,4.2
Ishaan Joshi,10,Financial Planner,"CFA, CA",Puducherry,3.1
Aditya Sharma,30,Financial Planner,SEBI RIA,Puducherry,4.5
Kiara Nambiar,7,Chartered Accountant,"CA, CFA",Puducherry,4.1
Aditya Nair,23,Investment Advisor,"CA, CFP",Puducherry,3.1
Anaya Malhotra,9,Investment Advisor,"CFP, CPA",Puducherry,4.6
Aditya Nambiar,9,Chartered Accountant,"CPA, SEBI RIA",Puducherry,4.7
Ishaan Saxena,25,Tax Consultant,SEBI RIA,Puducherry,4.3
Avni Tiwari,23,Tax Consultant,"CA, SEBI RIA",Puducherry,3.9
Meera Nambiar,22,Financial Planner,"CA, CFA",Puducherry,3.5
Meera Agarwal,14,Tax Consultant,CA,Puducherry,3.2
Arjun Malhotra,30,Wealth Manager,FRM,Puducherry,3.1
Pari Verma,14,Investment Advisor,FRM,Puducherry,4.4
Aditya Rao,22,Wealth Manager,"SEBI RIA, CA",Puducherry,4.0
Diya Agarwal,27,Wealth Manager,"FRM, CA",Puducherry,3.8
Aarohi Agarwal,7,Financial Planner,"SEBI RIA, CFA",Puducherry,4.1
Vivaan Saxena,2,Investment Advisor,"CFA, CA",Puducherry,4.7
Myra Patel,13,Tax Consultant,"SEBI RIA, CA",Puducherry,3.1
Arjun Iyer,9,Wealth Manager,CFP,Puducherry,4.9
Vivaan Kapoor,2,Investment Advisor,"CPA, SEBI RIA",Puducherry,3.6
Krishna Saxena,21,Tax Consultant,"CPA, CFA",Puducherry,3.8
Aarav Saxena,6,Tax Consultant,"CPA, CFA",Puducherry,4.8
Vivaan Bansal,18,Financial Planner,CFP,Puducherry,4.5
Aarav Verma,8,Wealth Manager,SEBI RIA,Puducherry,3.9
Kiara Bansal,20,Tax Consultant,"CA, CFP",Puducherry,4.4
Sai Chowdhury,12,Financial Planner,"CFP, CA",Puducherry,4.1
Kiara Chowdhury,16,Investment Advisor,CA,Puducherry,3.7
Aarav Gupta,18,Chartered Accountant,CFA,Puducherry,4.3
Reyansh Bansal,6,Financial Planner,CFP,Puducherry,4.9
Kiara Tiwari,19,Chartered Accountant,CPA,Puducherry,4.1
